"County","State","Outbreak Date","Flock Type","Flock Size"
"Edmunds","South Dakota","12-30-2023","Commercial Upland Gamebird Producer","1400"
"Sanilac","Michigan","12-30-2022","WOAH Non-Poultry","30"
"Snohomish","Washington","12-30-2022","WOAH Poultry","180"
"Carson","Texas","12-29-2023","WOAH Non-Poultry","30"
"Mcintosh","North Dakota","12-29-2023","WOAH Non-Poultry","110"
"Pierce","Washington","12-29-2022","WOAH Non-Poultry","40"
"Sonoma","California","12-28-2023","Commercial Table Egg Layer","37300"
"Audrain","Missouri","12-28-2023","WOAH Poultry","330"
"Missoula","Montana","12-28-2023","WOAH Non-Poultry","6"
"Marin","California","12-28-2023","Commercial Table Egg Pullets","151000"
"Sonoma","California","12-28-2023","Commercial Table Egg Layer","52400"
"Weakley","Tennessee","12-28-2022","Commercial Broiler Breeder","19000"
"Weakley","Tennessee","12-28-2022","Commercial Broiler Breeder","43600"
"Elk","Kansas","12-28-2022","WOAH Non-Poultry","30"
"Todd","Minnesota","12-27-2023","Commercial Turkey Meat Bird","78800"
"Garfield","Oklahoma","12-27-2023","WOAH Non-Poultry","30"
"Muskegon","Michigan","12-27-2023","Commercial Turkey Meat Bird","31500"
"Northumberland","Pennsylvania","12-27-2023","Commercial Raised for Release Upland Game Bird","98300"
"Hardin","Ohio","12-27-2023","Commercial Table Egg Pullets","1363900"
"Merced","California","12-26-2023","Commercial Table Egg Layer","709000"
"Glenn","California","12-22-2022","Commercial Upland Gamebird Producer","32000"
"Dodge","Nebraska","12-21-2023","WOAH Non-Poultry","40"
"Edmunds","South Dakota","12-21-2023","Commercial Upland Gamebird Producer","3800"
"Umatilla","Oregon","12-21-2022","WOAH Non-Poultry","10"
"Weakley","Tennessee","12-21-2022","WOAH Poultry","28800"
"Bates","Missouri","12-21-2022","WOAH Non-Poultry","30"
"St. Clair","Illinois","12-21-2022","WOAH Non-Poultry","60"
"Merced","California","12-20-2023","Commercial Table Egg Layer","243300"
"Charles Mix","South Dakota","12-20-2023","Commercial Upland Gamebird Producer","50"
"Merced","California","12-20-2023","Commercial Turkey Meat Bird","73700"
"Benton","Oregon","12-20-2023","WOAH Non-Poultry","50"
"Mahaska","Iowa","12-20-2023","WOAH Non-Poultry","30"
"Gem","Idaho","12-20-2022","WOAH Non-Poultry","80"
"Hanson","South Dakota","12-20-2022","Commercial Turkey Meat Bird","31800"
"Weld","Colorado","12-20-2022","Commercial Table Egg Layer","239700"
"Sonoma","California","12-19-2023","Commercial Duck Meat Bird","3600"
"King","Washington","12-19-2023","WOAH Poultry","90"
"Mcpherson","Kansas","12-19-2023","WOAH Poultry","20000"
"Rice","Kansas","12-19-2023","Commercial Table Egg Layer","800000"
"Muskegon","Michigan","12-19-2023","Commercial Turkey Meat Bird","47900"
"Lassen","California","12-19-2023","WOAH Non-Poultry","90"
"Barton","Kansas","12-19-2023","WOAH Non-Poultry","70"
"Mendocino","California","12-19-2022","WOAH Non-Poultry","20"
"Rice","Kansas","12-18-2023","WOAH Non-Poultry","100"
"Edmunds","South Dakota","12-18-2023","Commercial Upland Gamebird Producer","1000"
"Sonoma","California","12-18-2023","Commercial Table Egg Layer","497700"
"Sonoma","California","12-18-2023","WOAH Poultry","38100"
"Duval","Florida","12-16-2022","WOAH Non-Poultry","10"
"Weld","Colorado","12-16-2022","Commercial Table Egg Layer","1291000"
"Flathead","Montana","12-16-2022","WOAH Non-Poultry","0"
"Butte","California","12-16-2022","WOAH Non-Poultry","20"
"Waseca","Minnesota","12-15-2023","WOAH Non-Poultry","90"
"Latah","Idaho","12-15-2023","WOAH Poultry","200"
"Polk","Oregon","12-15-2022","WOAH Non-Poultry","20"
"Clatsop","Oregon","12-14-2023","WOAH Non-Poultry","30"
"Scott","Arkansas","12-14-2023","WOAH Non-Poultry","180"
"Darke","Ohio","12-14-2023","Commercial Table Egg Layer","522300"
"Weakley","Tennessee","12-14-2022","WOAH Poultry","37900"
"Knox","Nebraska","12-14-2022","WOAH Poultry","160"
"Spink","South Dakota","12-14-2022","WOAH Poultry","280"
"Moody","South Dakota","12-14-2022","Commercial Table Egg Layer","1332100"
"Franklin","Washington","12-14-2022","Commercial Table Egg Layer","1015500"
"Redwood","Minnesota","12-14-2022","WOAH Non-Poultry","40"
"Rice","Kansas","12-13-2023","Commercial Table Egg Layer","700000"
"Mcpherson","Kansas","12-13-2023","WOAH Poultry","20000"
"Merced","California","12-13-2023","Commercial Table Egg Layer","1358600"
"Merced","California","12-13-2023","Commercial Broiler Production","183100"
"Weld","Colorado","12-13-2023","WOAH Non-Poultry","30"
"San Joaquin","California","12-13-2023","Commercial Duck Breeder","6000"
"Linn","Oregon","12-13-2022","WOAH Non-Poultry","20"
"Columbia","Oregon","12-13-2022","WOAH Non-Poultry","100"
"Daviess","Indiana","12-13-2022","Commercial Turkey Meat Bird","11400"
"Etowah","Alabama","12-12-2023","WOAH Non-Poultry","80"
"St. Louis","Missouri","12-12-2023","WOAH Non-Poultry","20"
"Dutchess","New York","12-12-2023","WOAH Poultry","4200"
"Lake","South Dakota","12-12-2023","Commercial Turkey Meat Bird","76000"
"Buena Vista","Iowa","12-12-2022","Commercial Turkey Meat Bird","51200"
"Ida","Iowa","12-12-2022","Commercial Turkey Meat Bird","90000"
"Wadena","Minnesota","12-12-2022","Commercial Turkey Meat Bird","298100"
"Sac","Iowa","12-12-2022","Commercial Turkey Meat Bird","50000"
"Cherokee","Iowa","12-12-2022","Commercial Turkey Meat Bird","50000"
"Hanson","South Dakota","12-12-2022","Commercial Turkey Meat Bird","23900"
"Olmsted","Minnesota","12-11-2023","Commercial Turkey Breeder Hens","14400"
"Polk","Oregon","12-09-2022","WOAH Non-Poultry","70"
"Clackamas","Oregon","12-09-2022","WOAH Non-Poultry","60"
"Prowers","Colorado","12-09-2022","Commercial Upland Gamebird Producer","11000"
"Onslow","North Carolina","12-09-2022","WOAH Non-Poultry","60"
"Osage","Missouri","12-09-2022","Commercial Turkey Meat Bird","19700"
"Charles Mix","South Dakota","12-08-2023","Commercial Turkey Meat Bird","32400"
"Barron","Wisconsin","12-08-2023","Commercial Turkey Meat Bird","70000"
"Barton","Kansas","12-08-2023","WOAH Non-Poultry","30"
"Mills","Iowa","12-08-2023","WOAH Non-Poultry","10"
"Dodge","Minnesota","12-08-2022","Commercial Turkey Meat Bird","10000"
"Hamlin","South Dakota","12-08-2022","Commercial Turkey Meat Bird","58100"
"Dade","Missouri","12-08-2022","WOAH Non-Poultry","30"
"Darke","Ohio","12-07-2023","Commercial Turkey Meat Bird","15200"
"Orleans","Vermont","12-07-2023","WOAH Non-Poultry","40"
"Montmorency","Michigan","12-07-2023","WOAH Poultry","100"
"Sonoma","California","12-07-2023","Commercial Duck Meat Bird","4900"
"Stanislaus","California","12-07-2023","Commercial Broiler Production","258600"
"Carroll","Arkansas","12-07-2023","Commercial Turkey Meat Bird","33300"
"Hardin","Ohio","12-07-2023","Commercial Table Egg Layer","2613600"
"Kingsbury","South Dakota","12-07-2022","WOAH Non-Poultry","70"
"Cherokee","Iowa","12-07-2022","Commercial Turkey Meat Bird","105000"
"Sac","Iowa","12-07-2022","Commercial Turkey Meat Bird","40000"
"Hamlin","South Dakota","12-06-2023","Commercial Turkey Meat Bird","56200"
"Bon Homme","South Dakota","12-06-2023","Commercial Turkey Meat Bird","47600"
"Becker","Minnesota","12-06-2023","Commercial Breeder Operation","20600"
"Todd","Minnesota","12-06-2023","Commercial Turkey Meat Bird","64000"
"Sonoma","California","12-06-2023","Commercial Table Egg Layer","232000"
"Harrison","Missouri","12-06-2022","WOAH Non-Poultry","30"
"Denton","Texas","12-06-2022","WOAH Non-Poultry","40"
"Larimer","Colorado","12-06-2022","WOAH Non-Poultry","2"
"Lamoille","Vermont","12-06-2022","WOAH Non-Poultry","50"
"Pawnee","Oklahoma","12-06-2022","WOAH Non-Poultry","30"
"Stanislaus","California","12-05-2023","Commercial Broiler Production","239900"
"Shawnee","Kansas","12-05-2023","WOAH Non-Poultry","70"
"Kingsbury","South Dakota","12-05-2023","WOAH Non-Poultry","370"
"Otter Tail","Minnesota","12-05-2023","Commercial Turkey Meat Bird","26300"
"Spink","South Dakota","12-05-2023","Commercial Turkey Meat Bird","26600"
"Stanislaus","California","12-05-2023","Commercial Broiler Production","254400"
"Buena Vista","Iowa","12-05-2022","Commercial Turkey Meat Bird","40700"
"Charles Mix","South Dakota","12-05-2022","Commercial Turkey Meat Bird","34100"
"Lawrence","Alabama","12-05-2022","WOAH Non-Poultry","460"
"Clark","South Dakota","12-05-2022","Commercial Turkey Meat Bird","24300"
"Mcpherson","South Dakota","12-04-2023","Commercial Turkey Meat Bird","40800"
"Pottawatomie","Kansas","12-04-2023","WOAH Non-Poultry","30"
"Johnson","Arkansas","12-04-2023","Commercial Broiler Production","109000"
"Barron","Wisconsin","12-04-2023","Commercial Turkey Meat Bird","113800"
"Clark","South Dakota","12-02-2022","WOAH Non-Poultry","40"
"Knox","Nebraska","12-02-2022","WOAH Non-Poultry","10"
"Union","North Carolina","12-02-2022","WOAH Non-Poultry","9"
"Darke","Ohio","12-01-2023","Commercial Turkey Meat Bird","33000"
"Canyon","Idaho","12-01-2023","WOAH Non-Poultry","20"
"Bay","Michigan","12-01-2023","WOAH Non-Poultry","60"
"Woodbury","Iowa","12-01-2023","WOAH Non-Poultry","40"
"Arkansas","Arkansas","12-01-2022","WOAH Non-Poultry","20"
"Jackson","Missouri","12-01-2022","WOAH Non-Poultry","30"
"Brookings","South Dakota","12-01-2022","WOAH Non-Poultry","210"
"Lake","South Dakota","12-01-2022","Commercial Turkey Meat Bird","78000"
"Sonoma","California","11-30-2023","Commercial Table Egg Layer","82500"
"San Benito","California","11-30-2023","Commercial Duck Breeder","5000"
"Lewis And Clark","Montana","11-30-2023","WOAH Non-Poultry","6"
"Bent","Colorado","11-30-2023","WOAH Poultry","4100"
"Minnehaha","South Dakota","11-30-2023","WOAH Non-Poultry","80"
"Grundy","Illinois","11-30-2022","WOAH Poultry","8800"
"Hamlin","South Dakota","11-30-2022","Commercial Turkey Meat Bird","50000"
"Charles Mix","South Dakota","11-30-2022","Commercial Turkey Meat Bird","75100"
"Morgan","Colorado","11-29-2023","WOAH Non-Poultry","60"
"Woodbury","Iowa","11-29-2023","WOAH Non-Poultry","10"
"Dickey","North Dakota","11-29-2023","WOAH Poultry","130"
"Carroll","Arkansas","11-29-2023","Commercial Broiler Production","81200"
"Becker","Minnesota","11-29-2023","Commercial Turkey Breeder Hens","23200"
"Douglas","Minnesota","11-29-2023","Commercial Turkey Meat Bird","13500"
"Otter Tail","Minnesota","11-29-2023","Commercial Turkey Meat Bird","18800"
"Spink","South Dakota","11-29-2022","Commercial Turkey Meat Bird","32900"
"Hanson","South Dakota","11-29-2022","Commercial Turkey Meat Bird","71600"
"Washington","Maryland","11-29-2022","Commercial Table Egg Breeder","24600"
"Dickey","North Dakota","11-28-2023","Commercial Turkey Meat Bird","60300"
"Sioux","Iowa","11-28-2023","Commercial Table Egg Layer","1616300"
"Mcpherson","South Dakota","11-28-2023","Commercial Turkey Meat Bird","61800"
"Yankton","South Dakota","11-28-2023","Commercial Turkey Meat Bird","49000"
"Pierce","Washington","11-28-2023","WOAH Non-Poultry","540"
"Trempealeau","Wisconsin","11-28-2023","Commercial Turkey Meat Bird","48700"
"Colfax","Nebraska","11-28-2023","WOAH Non-Poultry","20"
"Trempealeau","Wisconsin","11-28-2023","Commercial Turkey Meat Bird","23500"
"Emmons","North Dakota","11-28-2023","WOAH Non-Poultry","60"
"Webster","Missouri","11-28-2022","Commercial Turkey Meat Bird","15100"
"Iron","Utah","11-28-2022","WOAH Poultry","3000"
"Brown","Minnesota","11-27-2023","Commercial Turkey Breeder Hens","7800"
"Sonoma","California","11-27-2023","Commercial Duck Breeder","205500"
"Dixon","Nebraska","11-25-2022","Commercial Table Egg Layer","1700000"
"Beadle","South Dakota","11-25-2022","Commercial Turkey Meat Bird","50700"
"Spink","South Dakota","11-25-2022","Commercial Turkey Meat Bird","55500"
"Matanuska Susitna","Alaska","11-25-2022","WOAH Non-Poultry","40"
"Durham","North Carolina","11-25-2022","WOAH Non-Poultry","30"
"Turner","South Dakota","11-25-2022","WOAH Non-Poultry","210"
"Beadle","South Dakota","11-25-2022","Commercial Turkey Meat Bird","67900"
"Otter Tail","Minnesota","11-24-2023","Commercial Breeder Operation","19400"
"Freeborn","Minnesota","11-24-2023","WOAH Non-Poultry","8"
"Clackamas","Oregon","11-24-2023","WOAH Non-Poultry","10"
"Kandiyohi","Minnesota","11-24-2023","Commercial Turkey Breeder Hens","7300"
"Davidson","Tennessee","11-23-2022","WOAH Non-Poultry","10"
"Faulk","South Dakota","11-23-2022","Commercial Turkey Meat Bird","49900"
"Broward","Florida","11-23-2022","WOAH Non-Poultry","10"
"Columbia","Oregon","11-23-2022","WOAH Non-Poultry","30"
"Todd","Minnesota","11-23-2022","Commercial Turkey Meat Bird","44500"
"Brule","South Dakota","11-23-2022","WOAH Non-Poultry","30"
"Otter Tail","Minnesota","11-22-2023","Commercial Turkey Meat Bird","28000"
"Trempealeau","Wisconsin","11-22-2023","Commercial Turkey Meat Bird","51300"
"Brule","South Dakota","11-22-2023","Commercial Turkey Meat Bird","45100"
"Stearns","Minnesota","11-22-2023","Commercial Turkey Meat Bird","34200"
"Beadle","South Dakota","11-22-2022","Commercial Turkey Meat Bird","29200"
"Webster","Missouri","11-22-2022","WOAH Poultry","9100"
"Sumter","Georgia","11-21-2023","Commercial Raised for Release Waterfowl","30000"
"Union","Ohio","11-21-2023","Commercial Table Egg Layer","1348900"
"Kandiyohi","Minnesota","11-21-2023","Commercial Breeder Operation","8400"
"Caroline","Maryland","11-21-2023","Commercial Broiler Production","192900"
"Brown","Minnesota","11-21-2023","Commercial Turkey Breeder Hens","6400"
"Big Stone","Minnesota","11-21-2023","Commercial Turkey Meat Bird","78500"
"Broward","Florida","11-21-2023","WOAH Non-Poultry","5"
"Grimes","Texas","11-21-2023","WOAH Non-Poultry","60"
"Beadle","South Dakota","11-21-2023","Commercial Turkey Meat Bird","78200"
"Clark","South Dakota","11-21-2023","Commercial Turkey Meat Bird","23600"
"Clark","South Dakota","11-21-2023","Commercial Turkey Meat Bird","57400"
"Kingsbury","South Dakota","11-21-2023","Commercial Turkey Meat Bird","28800"
"Washington","Maine","11-21-2022","WOAH Non-Poultry","90"
"Edmunds","South Dakota","11-21-2022","Commercial Turkey Meat Bird","34400"
"San Juan","New Mexico","11-20-2023","WOAH Non-Poultry","20"
"Swift","Minnesota","11-20-2023","Commercial Turkey Meat Bird","134300"
"Edmunds","South Dakota","11-20-2023","Commercial Turkey Meat Bird","33400"
"Day","South Dakota","11-20-2023","WOAH Poultry","60"
"Taylor","Wisconsin","11-20-2023","WOAH Non-Poultry","8"
"Walworth","South Dakota","11-20-2023","WOAH Non-Poultry","0"
"Fresno","California","11-20-2023","Commercial Duck Breeder","23400"
"Edmunds","South Dakota","11-20-2023","Commercial Turkey Breeder Replacement Hens","30100"
"Edmunds","South Dakota","11-20-2023","Commercial Turkey Breeder Hens","19200"
"Utah","Utah","11-18-2022","WOAH Non-Poultry","270"
"Union","North Carolina","11-18-2022","WOAH Non-Poultry","50"
"Fall River","South Dakota","11-17-2023","WOAH Non-Poultry","80"
"Broward","Florida","11-17-2022","WOAH Non-Poultry","20"
"Berks","Pennsylvania","11-17-2022","WOAH Non-Poultry","30"
"Benton","Iowa","11-16-2023","WOAH Non-Poultry","90"
"Stearns","Minnesota","11-16-2023","Commercial Turkey Meat Bird","43100"
"Linn","Oregon","11-16-2023","Commercial Broiler Production","630700"
"Marion","Oregon","11-16-2023","Commercial Broiler Production","123500"
"Duval","Florida","11-16-2023","WOAH Non-Poultry","50"
"Hillsborough","Florida","11-16-2022","WOAH Non-Poultry","100"
"Seminole","Florida","11-16-2022","WOAH Poultry","100"
"Fresno","California","11-16-2022","Commercial Duck Breeder","34700"
"Cass","Michigan","11-15-2023","WOAH Non-Poultry","20"
"Mcintosh","North Dakota","11-15-2023","WOAH Poultry","100"
"Lamoure","North Dakota","11-15-2023","Commercial Turkey Meat Bird","25100"
"Edmunds","South Dakota","11-15-2023","Commercial Turkey Breeder Replacement Hens","24500"
"Duval","Florida","11-15-2022","WOAH Non-Poultry","30"
"Otter Tail","Minnesota","11-15-2022","Commercial Turkey Meat Bird","28200"
"Bledsoe","Tennessee","11-15-2022","Commercial Broiler Breeder","20900"
"Kossuth","Iowa","11-14-2023","WOAH Poultry","13000"
"Jasper","Missouri","11-14-2023","Commercial Turkey Meat Bird","29300"
"Cerro Gordo","Iowa","11-14-2023","WOAH Non-Poultry","80"
"Jones","Iowa","11-14-2023","WOAH Non-Poultry","20"
"Kandiyohi","Minnesota","11-14-2023","Commercial Turkey Meat Bird","35600"
"Taylor","Iowa","11-14-2023","Commercial Table Egg Layer","1121100"
"Redwood","Minnesota","11-14-2023","Commercial Turkey Meat Bird","18700"
"Ellis","Texas","11-14-2023","WOAH Non-Poultry","50"
"Marion","Oregon","11-14-2023","WOAH Non-Poultry","5"
"Missoula","Montana","11-14-2023","WOAH Non-Poultry","4"
"Deschutes","Oregon","11-14-2023","WOAH Non-Poultry","30"
"Lowndes","Mississippi","11-14-2022","WOAH Non-Poultry","8"
"Mcintosh","North Dakota","11-13-2023","WOAH Non-Poultry","50"
"Bonneville","Idaho","11-13-2023","WOAH Non-Poultry","50"
"Montrose","Colorado","11-13-2023","WOAH Non-Poultry","50"
"Queens","New York","11-12-2022","Live Bird Market","170"
"Lapeer","Michigan","11-10-2022","WOAH Poultry","990"
"Mountrail","North Dakota","11-10-2022","WOAH Non-Poultry","40"
"Ward","North Dakota","11-10-2022","WOAH Poultry","20"
"Lehigh","Pennsylvania","11-10-2022","Commercial Turkey Breeder Toms","160"
"Lehigh","Pennsylvania","11-10-2022","Commercial Turkey Meat Bird","18500"
"Roberts","South Dakota","11-09-2023","Commercial Turkey Meat Bird","51200"
"Wheatland","Montana","11-09-2023","WOAH Poultry","4500"
"Redwood","Minnesota","11-09-2023","Commercial Turkey Meat Bird","18500"
"Sweet Grass","Montana","11-09-2023","WOAH Non-Poultry","3"
"Steele","Minnesota","11-09-2023","Commercial Turkey Meat Bird","46900"
"Mcpherson","South Dakota","11-09-2023","Commercial Turkey Meat Bird","58400"
"Kossuth","Iowa","11-08-2023","WOAH Poultry","8200"
"Clark","South Dakota","11-08-2023","Commercial Upland Gamebird Producer","8500"
"Matanuska Susitna","Alaska","11-08-2023","WOAH Non-Poultry","40"
"Charles Mix","South Dakota","11-08-2023","Commercial Turkey Meat Bird","74100"
"Utah","Utah","11-08-2023","WOAH Non-Poultry","60"
"Louisa","Iowa","11-08-2022","WOAH Non-Poultry","20"
"Snohomish","Washington","11-08-2022","WOAH Non-Poultry","150"
"Lehigh","Pennsylvania","11-08-2022","Commercial Turkey Breeder Hens","7500"
"Lehigh","Pennsylvania","11-08-2022","Commercial Turkey Meat Bird","17400"
"Stearns","Minnesota","11-07-2023","Commercial Turkey Meat Bird","70900"
"Jefferson","Wisconsin","11-07-2022","Commercial Upland Gamebird Producer","187900"
"Converse","Wyoming","11-07-2022","WOAH Non-Poultry","20"
"Butler","Ohio","11-07-2022","WOAH Poultry","150"
"Gloucester","Virginia","11-07-2022","WOAH Non-Poultry","80"
"Clay","Iowa","11-06-2023","WOAH Poultry","1700"
"Benton","Missouri","11-06-2023","Commercial Broiler Breeder","16600"
"Hamilton","Iowa","11-06-2023","Commercial Breeder (Multiple Bird Species)","15000"
"Wright","Iowa","11-06-2022","Commercial Table Egg Layer","1022800"
"Lehigh","Pennsylvania","11-04-2022","Commercial Turkey Meat Bird","14500"
"Sullivan","New York","11-04-2022","WOAH Non-Poultry","140"
"Dauphin","Pennsylvania","11-04-2022","WOAH Non-Poultry","130"
"Lawrence","Mississippi","11-04-2022","Commercial Broiler Breeder","34400"
"Mcpherson","South Dakota","11-03-2023","Commercial Turkey Breeder Hens","26800"
"Clay","Iowa","11-03-2023","WOAH Poultry","8300"
"Wright","Minnesota","11-03-2023","Commercial Table Egg Layer","940000"
"Clay","Iowa","11-03-2023","WOAH Poultry","7700"
"Yamhill","Oregon","11-03-2022","WOAH Poultry","150"
"San Diego","California","11-03-2022","WOAH Poultry","150"
"Yavapai","Arizona","11-03-2022","WOAH Non-Poultry","30"
"Beaufort","South Carolina","11-03-2022","WOAH Non-Poultry","170"
"Bottineau","North Dakota","11-03-2022","WOAH Poultry","130"
"Lehigh","Pennsylvania","11-03-2022","Commercial Turkey Meat Bird","28500"
"Broward","Florida","11-03-2022","WOAH Non-Poultry","70"
"Marathon","Wisconsin","11-03-2022","WOAH Non-Poultry","30"
"Middlesex","Massachusetts","11-03-2022","WOAH Non-Poultry","20"
"Grady","Oklahoma","11-02-2023","WOAH Non-Poultry","120"
"Marshall","Alabama","11-02-2023","Commercial Broiler Breeder Pullets","47900"
"Bergen","New Jersey","11-02-2022","WOAH Non-Poultry","60"
"Allegheny","Pennsylvania","11-02-2022","WOAH Non-Poultry","20"
"Waukesha","Wisconsin","11-02-2022","WOAH Non-Poultry","10"
"Yavapai","Arizona","11-02-2022","WOAH Non-Poultry","50"
"Buena Vista","Iowa","11-01-2023","Commercial Turkey Meat Bird","30000"
"Gregory","South Dakota","11-01-2022","Commercial Upland Gamebird Producer","3000"
"Stearns","Minnesota","11-01-2022","Commercial Turkey Meat Bird","8500"
"Wayne","New York","11-01-2022","WOAH Non-Poultry","10"
"Granite","Montana","11-01-2022","WOAH Poultry","40"
"Deschutes","Oregon","11-01-2022","WOAH Non-Poultry","8"
"Beadle","South Dakota","10-31-2023","Commercial Turkey Meat Bird","29700"
"Madison","Arkansas","10-31-2023","Commercial Broiler Breeder Pullets","31600"
"Wagoner","Oklahoma","10-31-2023","WOAH Non-Poultry","50"
"Meeker","Minnesota","10-31-2023","Commercial Turkey Meat Bird","32100"
"Lincoln","Tennessee","10-31-2023","WOAH Non-Poultry","100"
"Wright","Iowa","10-31-2022","Commercial Table Egg Layer","1100000"
"Swift","Minnesota","10-31-2022","Commercial Turkey Meat Bird","45600"
"Tipton","Tennessee","10-31-2022","WOAH Non-Poultry","90"
"Matanuska Susitna","Alaska","10-28-2023","WOAH Non-Poultry","30"
"Matanuska Susitna","Alaska","10-28-2023","WOAH Non-Poultry","50"
"Hillsborough","Florida","10-28-2022","WOAH Non-Poultry","40"
"Chilton","Alabama","10-27-2023","Commercial Upland Gamebird Producer","306500"
"Kittitas","Washington","10-27-2023","WOAH Poultry","70"
"Stearns","Minnesota","10-27-2022","Commercial Turkey Meat Bird","75000"
"Le Sueur","Minnesota","10-27-2022","Commercial Turkey Meat Bird","20100"
"Merced","California","10-26-2023","Commercial Turkey Meat Bird","31600"
"Pasco","Florida","10-26-2022","WOAH Non-Poultry","40"
"La Plata","Colorado","10-26-2022","WOAH Non-Poultry","20"
"Pine","Minnesota","10-25-2023","WOAH Non-Poultry","30"
"Union","Oregon","10-25-2023","WOAH Non-Poultry","30"
"Brown","Minnesota","10-25-2023","WOAH Non-Poultry","20"
"Meeker","Minnesota","10-25-2023","Commercial Turkey Meat Bird","33000"
"Beadle","South Dakota","10-25-2023","Commercial Turkey Meat Bird","51100"
"Clark","South Dakota","10-25-2023","Commercial Turkey Meat Bird","31100"
"Hanson","South Dakota","10-25-2023","Commercial Turkey Meat Bird","13400"
"Indian River","Florida","10-25-2022","WOAH Poultry","50"
"Swift","Minnesota","10-25-2022","Commercial Turkey Meat Bird","33800"
"Grant","South Dakota","10-25-2022","WOAH Non-Poultry","50"
"Lake","Florida","10-25-2022","WOAH Non-Poultry","9"
"Martin","Florida","10-25-2022","WOAH Non-Poultry","30"
"Indian River","Florida","10-25-2022","WOAH Non-Poultry","30"
"Sanpete","Utah","10-25-2022","Commercial Turkey Meat Bird","3900"
"Blue Earth","Minnesota","10-24-2023","Commercial Turkey Meat Bird","11900"
"Guthrie","Iowa","10-24-2023","WOAH Non-Poultry","50"
"Kandiyohi","Minnesota","10-24-2023","Commercial Turkey Meat Bird","53700"
"Pocahontas","Iowa","10-24-2023","Commercial Turkey Meat Bird","50000"
"Buena Vista","Iowa","10-23-2023","Commercial Turkey Meat Bird","49100"
"Ocean","New Jersey","10-22-2022","WOAH Non-Poultry","90"
"Southampton","Virginia","10-22-2022","WOAH Non-Poultry","170"
"Cleveland","Oklahoma","10-21-2022","WOAH Non-Poultry","30"
"Wake","North Carolina","10-21-2022","WOAH Non-Poultry","170"
"Itasca","Minnesota","10-21-2022","WOAH Non-Poultry","40"
"Union","Oregon","10-20-2023","WOAH Poultry","100"
"Spink","South Dakota","10-20-2022","WOAH Non-Poultry","160"
"Valley","Idaho","10-20-2022","WOAH Non-Poultry","20"
"Indian River","Florida","10-20-2022","WOAH Non-Poultry","60"
"Hill","Montana","10-20-2022","WOAH Non-Poultry","60"
"Jefferson","Colorado","10-20-2022","WOAH Poultry","50"
"Okeechobee","Florida","10-20-2022","WOAH Non-Poultry","2"
"Creek","Oklahoma","10-20-2022","WOAH Non-Poultry","50"
"Dallas","Iowa","10-20-2022","WOAH Non-Poultry","50"
"Virginia Beach City","Virginia","10-20-2022","WOAH Non-Poultry","10"
"Newport","Rhode Island","10-20-2022","WOAH Non-Poultry","60"
"Becker","Minnesota","10-19-2023","Commercial Breeder Operation","20200"
"Park","Montana","10-19-2023","WOAH Non-Poultry","3"
"Spink","South Dakota","10-19-2023","Commercial Turkey Meat Bird","34000"
"Shawnee","Kansas","10-19-2022","WOAH Poultry","120"
"Roberts","South Dakota","10-19-2022","Commercial Breeder Operation","3600"
"Sanpete","Utah","10-19-2022","Commercial Turkey Meat Bird","9400"
"Rockwall","Texas","10-19-2022","WOAH Non-Poultry","50"
"Redwood","Minnesota","10-18-2023","Commercial Turkey Meat Bird","8900"
"Blue Earth","Minnesota","10-18-2023","Commercial Turkey Meat Bird","11500"
"Sanpete","Utah","10-18-2022","Commercial Turkey Meat Bird","100800"
"Traill","North Dakota","10-18-2022","WOAH Non-Poultry","90"
"Indian River","Florida","10-18-2022","WOAH Non-Poultry","300"
"Jackson","Missouri","10-18-2022","WOAH Non-Poultry","40"
"York","Nebraska","10-18-2022","Commercial Upland Gamebird Producer","34900"
"St. Lucie","Florida","10-18-2022","WOAH Non-Poultry","6"
"Osceola","Florida","10-18-2022","WOAH Non-Poultry","20"
"Mcpherson","South Dakota","10-17-2023","Commercial Turkey Meat Bird","65000"
"King","Washington","10-17-2023","WOAH Non-Poultry","10"
"Becker","Minnesota","10-17-2023","Commercial Turkey Breeder Toms","2700"
"Faulk","South Dakota","10-17-2023","Commercial Turkey Meat Bird","49700"
"Nye","Nevada","10-17-2022","WOAH Poultry","1600"
"Adams","Pennsylvania","10-17-2022","Commercial Turkey Meat Bird","15100"
"Carter","Oklahoma","10-16-2023","WOAH Non-Poultry","80"
"Tulsa","Oklahoma","10-14-2022","WOAH Non-Poultry","30"
"Broward","Florida","10-14-2022","WOAH Poultry","300"
"Larimer","Colorado","10-14-2022","WOAH Non-Poultry","20"
"Matanuska Susitna","Alaska","10-14-2022","WOAH Poultry","1000"
"Pope","Arkansas","10-14-2022","WOAH Non-Poultry","470"
"La Plata","Colorado","10-14-2022","WOAH Non-Poultry","40"
"Flathead","Montana","10-13-2023","WOAH Non-Poultry","8"
"Golden Valley","North Dakota","10-13-2023","WOAH Non-Poultry","90"
"Meeker","Minnesota","10-13-2023","Commercial Turkey Meat Bird","71000"
"Warren","New Jersey","10-13-2022","WOAH Non-Poultry","6"
"Stanislaus","California","10-13-2022","Commercial Turkey Meat Bird","54900"
"Sanpete","Utah","10-13-2022","Commercial Turkey Meat Bird","100000"
"Saint Croix","Wisconsin","10-13-2022","WOAH Non-Poultry","20"
"Weld","Colorado","10-12-2023","WOAH Non-Poultry","30"
"Williams","North Dakota","10-12-2023","WOAH Non-Poultry","10"
"Weld","Colorado","10-12-2022","WOAH Non-Poultry","40"
"Fremont","Wyoming","10-12-2022","WOAH Non-Poultry","30"
"Hamlin","South Dakota","10-12-2022","WOAH Non-Poultry","20"
"Genesee","Michigan","10-12-2022","WOAH Non-Poultry","20"
"Beadle","South Dakota","10-12-2022","Commercial Turkey Meat Bird","71400"
"Sanpete","Utah","10-12-2022","Commercial Turkey Meat Bird","52800"
"Meeker","Minnesota","10-11-2023","Commercial Turkey Meat Bird","115000"
"Martin","Florida","10-11-2022","WOAH Non-Poultry","50"
"Broward","Florida","10-11-2022","WOAH Non-Poultry","40"
"Gregory","South Dakota","10-11-2022","Commercial Upland Gamebird Producer","200"
"Logan","Kentucky","10-11-2022","WOAH Non-Poultry","190"
"Lapeer","Michigan","10-11-2022","WOAH Poultry","40"
"Adams","Pennsylvania","10-11-2022","WOAH Poultry","2800"
"Glacier","Montana","10-10-2023","WOAH Poultry","77100"
"Boulder","Colorado","10-07-2022","WOAH Poultry","600"
"Neosho","Kansas","10-07-2022","WOAH Poultry","2000"
"Madison","Arkansas","10-07-2022","Commercial Broiler Breeder Pullets","56000"
"Lapeer","Michigan","10-07-2022","WOAH Poultry","100"
"Sanpete","Utah","10-07-2022","Commercial Turkey Meat Bird","26700"
"Sanpete","Utah","10-07-2022","Commercial Turkey Meat Bird","38900"
"Johnson","Kansas","10-07-2022","WOAH Poultry","6"
"Pope","Minnesota","10-07-2022","WOAH Non-Poultry","30"
"Sanpete","Utah","10-06-2023","Commercial Turkey Meat Bird","7600"
"Sanpete","Utah","10-06-2023","Commercial Turkey Meat Bird","134200"
"Brule","South Dakota","10-06-2022","Commercial Upland Gamebird Producer","500"
"Fayette","Kentucky","10-06-2022","WOAH Poultry","150"
"Hampton City","Virginia","10-06-2022","WOAH Non-Poultry","40"
"Matanuska Susitna","Alaska","10-05-2022","WOAH Poultry","10"
"Matanuska Susitna","Alaska","10-05-2022","WOAH Non-Poultry","40"
"Glacier","Montana","10-05-2022","WOAH Non-Poultry","1100"
"Monroe","Pennsylvania","10-05-2022","WOAH Non-Poultry","40"
"Berks","Pennsylvania","10-05-2022","WOAH Non-Poultry","10"
"New Haven","Connecticut","10-05-2022","WOAH Non-Poultry","50"
"Jerauld","South Dakota","10-04-2023","Commercial Turkey Meat Bird","47300"
"Westmoreland","Pennsylvania","10-04-2022","WOAH Non-Poultry","160"
"Monterey","California","10-04-2022","Commercial Duck Breeder","15100"
"Box Butte","Nebraska","10-04-2022","WOAH Non-Poultry","100"
"Bernalillo","New Mexico","10-04-2022","WOAH Non-Poultry","40"
"Del Norte","California","10-04-2022","WOAH Poultry","43000"
"York","Nebraska","10-04-2022","Commercial Upland Gamebird Producer","139500"
"Canyon","Idaho","10-03-2023","WOAH Non-Poultry","70"
"Portage","Ohio","10-03-2022","WOAH Non-Poultry","50"
"Calaveras","California","10-03-2022","WOAH Non-Poultry","20"
"Cache","Utah","10-03-2022","WOAH Non-Poultry","320"
"Stanislaus","California","10-03-2022","Commercial Turkey Meat Bird","51000"
"Tuscola","Michigan","10-03-2022","WOAH Poultry","140"
"Douglas","Oregon","09-30-2022","WOAH Non-Poultry","30"
"Nelson","North Dakota","09-30-2022","WOAH Non-Poultry","50"
"Sanpete","Utah","09-29-2022","Commercial Turkey Meat Bird","19900"
"Mesa","Colorado","09-29-2022","WOAH Non-Poultry","40"
"York","Pennsylvania","09-29-2022","Commercial Turkey Meat Bird","25900"
"Dunn","Wisconsin","09-29-2022","Commercial Turkey Meat Bird","79500"
"Lancaster","Pennsylvania","09-29-2022","WOAH Non-Poultry","180"
"Sanpete","Utah","09-29-2022","Commercial Turkey Meat Bird","19300"
"Tillamook","Oregon","09-28-2022","WOAH Non-Poultry","10"
"Tillamook","Oregon","09-28-2022","WOAH Non-Poultry","40"
"Sanpete","Utah","09-28-2022","Commercial Turkey Meat Bird","24400"
"Racine","Wisconsin","09-28-2022","Commercial Duck Meat Bird","10000"
"Ransom","North Dakota","09-27-2022","Commercial Turkey Meat Bird","69100"
"Goodhue","Minnesota","09-27-2022","WOAH Non-Poultry","80"
"Sanpete","Utah","09-27-2022","Commercial Turkey Meat Bird","36700"
"Sanpete","Utah","09-27-2022","Commercial Turkey Meat Bird","127200"
"Dallas","Texas","09-24-2022","WOAH Non-Poultry","60"
"Kent","Delaware","09-24-2022","WOAH Non-Poultry","10"
"Mcpherson","South Dakota","09-24-2022","Commercial Turkey Meat Bird","56900"
"Kent","Delaware","09-24-2022","WOAH Non-Poultry","30"
"Merrimack","New Hampshire","09-23-2022","WOAH Poultry","250"
"Anne Arundel","Maryland","09-22-2022","WOAH Non-Poultry","4"
"Todd","Minnesota","09-22-2022","WOAH Non-Poultry","50"
"Kingsbury","South Dakota","09-22-2022","WOAH Non-Poultry","250"
"Ward","North Dakota","09-22-2022","WOAH Poultry","60"
"Gooding","Idaho","09-21-2022","Commercial Upland Gamebird Producer","9000"
"Weld","Colorado","09-21-2022","Commercial Table Egg Layer","1150000"
"Roseau","Minnesota","09-21-2022","Commercial Turkey Meat Bird","116000"
"Otter Tail","Minnesota","09-21-2022","Commercial Turkey Meat Bird","5900"
"Sanpete","Utah","09-21-2022","Commercial Turkey Meat Bird","11100"
"Clark","South Dakota","09-20-2022","Commercial Turkey Meat Bird","23900"
"Brown","Minnesota","09-20-2022","Commercial Turkey Meat Bird","43000"
"Clark","South Dakota","09-20-2022","Commercial Turkey Meat Bird","41700"
"Stearns","Minnesota","09-20-2022","Commercial Turkey Meat Bird","64600"
"Fresno","California","09-20-2022","WOAH Non-Poultry","100"
"Sanpete","Utah","09-20-2022","Commercial Turkey Meat Bird","73200"
"Washington","Pennsylvania","09-20-2022","WOAH Poultry","1800"
"Macomb","Michigan","09-19-2022","WOAH Non-Poultry","40"
"Dawes","Nebraska","09-19-2022","WOAH Non-Poultry","40"
"Pierce","Washington","09-16-2022","WOAH Non-Poultry","30"
"Union","New Jersey","09-15-2023","Live Bird Market","520"
"Teton","Montana","09-15-2022","WOAH Poultry","2800"
"Obion","Tennessee","09-15-2022","WOAH Poultry","130"
"Summit","Ohio","09-15-2022","WOAH Non-Poultry","6"
"Bristol","Massachusetts","09-15-2022","WOAH Non-Poultry","50"
"Fresno","California","09-15-2022","Commercial Broiler Breeder","15900"
"Isanti","Minnesota","09-14-2022","WOAH Non-Poultry","4"
"Williams","Ohio","09-14-2022","WOAH Non-Poultry","60"
"Allen","Ohio","09-14-2022","WOAH Non-Poultry","2"
"Otter Tail","Minnesota","09-14-2022","Commercial Turkey Breeder Hens","7900"
"Meeker","Minnesota","09-14-2022","Commercial Turkey Meat Bird","61400"
"Freeborn","Minnesota","09-13-2022","WOAH Non-Poultry","320"
"Ingham","Michigan","09-13-2022","WOAH Poultry","20"
"Brown","Minnesota","09-13-2022","Commercial Turkey Meat Bird","43700"
"Sanpete","Utah","09-13-2022","Commercial Turkey Meat Bird","5800"
"Stearns","Minnesota","09-13-2022","Commercial Turkey Meat Bird","69400"
"Twin Falls","Idaho","09-12-2022","WOAH Non-Poultry","40"
"Becker","Minnesota","09-09-2022","Commercial Turkey Breeder Hens","17100"
"El Dorado","California","09-09-2022","WOAH Non-Poultry","150"
"Fresno","California","09-09-2022","Commercial Broiler Breeder","23900"
"Meeker","Minnesota","09-08-2022","Commercial Turkey Meat Bird","34200"
"Morrison","Minnesota","09-07-2022","Commercial Turkey Meat Bird","50200"
"Defiance","Ohio","09-03-2022","Commercial Table Egg Layer","3748500"
"Ashland","Ohio","09-03-2022","WOAH Non-Poultry","640"
"Washington","Wisconsin","09-02-2022","WOAH Poultry","120"
"Cass","North Dakota","09-01-2022","WOAH Non-Poultry","6"
"Elkhart","Indiana","09-01-2022","WOAH Poultry","260"
"Tuolumne","California","09-01-2022","Commercial Turkey Meat Bird","30800"
"Sacramento","California","09-01-2022","WOAH Non-Poultry","20"
"Fresno","California","09-01-2022","Commercial Broiler Breeder","22900"
"Hennepin","Minnesota","09-01-2022","WOAH Non-Poultry","10"
"Meeker","Minnesota","08-30-2022","Commercial Turkey Meat Bird","126400"
"Meeker","Minnesota","08-30-2022","Commercial Turkey Meat Bird","52000"
"Tuolumne","California","08-30-2022","Commercial Turkey Meat Bird","7400"
"Tuolumne","California","08-30-2022","Commercial Turkey Meat Bird","91000"
"Sacramento","California","08-30-2022","Commercial Turkey Meat Bird","97000"
"Caroline","Virginia","08-29-2022","WOAH Non-Poultry","110"
"Tuolumne","California","08-26-2022","Commercial Turkey Meat Bird","161700"
"Fresno","California","08-26-2022","Commercial Broiler Breeder","34800"
"Cowlitz","Washington","08-26-2022","WOAH Non-Poultry","20"
"Pierce","Washington","08-25-2022","WOAH Non-Poultry","70"
"Weber","Utah","08-24-2022","WOAH Non-Poultry","20"
"Contra Costa","California","08-23-2022","WOAH Non-Poultry","60"
"Henry","Georgia","08-22-2022","WOAH Non-Poultry","80"
"Fresno","California","08-22-2022","Commercial Broiler Breeder","33900"
"Kitsap","Washington","08-19-2022","WOAH Non-Poultry","10"
"Walla Walla","Washington","08-18-2022","WOAH Non-Poultry","2"
"Butte","California","08-16-2022","WOAH Non-Poultry","1100"
"Osceola","Florida","08-16-2022","WOAH Non-Poultry","10"
"Northampton","Pennsylvania","08-11-2022","WOAH Poultry","90"
"Sacramento","California","08-10-2022","WOAH Non-Poultry","40"
"Kings","New York","08-03-2023","Live Bird Market","800"
"Bethel","Alaska","08-02-2022","WOAH Non-Poultry","20"
"Kings","New York","07-28-2023","Live Bird Market","490"
"Coos","Oregon","07-28-2022","WOAH Non-Poultry","20"
"Flathead","Montana","07-26-2022","WOAH Non-Poultry","7"
"Jefferson","Washington","07-26-2022","WOAH Non-Poultry","80"
"Sanpete","Utah","07-26-2022","Commercial Turkey Meat Bird","12700"
"Kings","New York","07-25-2023","Live Bird Market","570"
"Deschutes","Oregon","07-22-2022","WOAH Non-Poultry","120"
"Deschutes","Oregon","07-22-2022","WOAH Non-Poultry","90"
"Seminole","Florida","07-21-2022","WOAH Non-Poultry","160"
"Deschutes","Oregon","07-21-2022","WOAH Poultry","60"
"Sanpete","Utah","07-19-2022","Commercial Turkey Meat Bird","23300"
"Snohomish","Washington","07-19-2022","WOAH Poultry","340"
"Deschutes","Oregon","07-19-2022","WOAH Poultry","100"
"Deschutes","Oregon","07-15-2022","WOAH Poultry","60"
"Sanpete","Utah","07-14-2022","Commercial Turkey Meat Bird","15500"
"Deschutes","Oregon","07-12-2022","WOAH Poultry","100"
"Carson City","Nevada","07-07-2022","WOAH Non-Poultry","40"
"Jefferson","Washington","07-06-2022","WOAH Non-Poultry","20"
"Linn","Oregon","07-06-2022","WOAH Non-Poultry","40"
"Kitsap","Washington","07-01-2022","WOAH Non-Poultry","6"
"King","Washington","07-01-2022","WOAH Poultry","220"
"Salt Lake","Utah","07-01-2022","WOAH Non-Poultry","20"
"Cumberland","Maine","06-29-2022","WOAH Non-Poultry","20"
"Yakima","Washington","06-29-2022","WOAH Non-Poultry","6"
"Pierce","Washington","06-24-2022","WOAH Non-Poultry","50"
"Snohomish","Washington","06-22-2022","WOAH Non-Poultry","200"
"Yakima","Washington","06-22-2022","WOAH Non-Poultry","90"
"King","Washington","06-22-2022","WOAH Non-Poultry","3"
"King","Washington","06-22-2022","WOAH Non-Poultry","9"
"Yakima","Washington","06-14-2022","WOAH Non-Poultry","30"
"Salt Lake","Utah","06-13-2022","WOAH Non-Poultry","70"
"Snohomish","Washington","06-09-2022","WOAH Non-Poultry","9"
"Allen","Indiana","06-09-2022","WOAH Non-Poultry","40"
"Snohomish","Washington","06-09-2022","WOAH Non-Poultry","30"
"Weld","Colorado","06-09-2022","Commercial Table Egg Pullets","205000"
"Yakima","Washington","06-09-2022","WOAH Non-Poultry","70"
"Polk","Oregon","06-08-2022","WOAH Non-Poultry","90"
"King","Washington","06-07-2022","WOAH Poultry","50"
"Weld","Colorado","06-07-2022","Commercial Table Egg Layer","1936800"
"Allen","Indiana","06-07-2022","WOAH Poultry","110"
"Mchenry","North Dakota","06-06-2022","WOAH Poultry","30"
"Snohomish","Washington","06-02-2022","WOAH Non-Poultry","30"
"Berks","Pennsylvania","06-02-2022","Commercial Duck Meat Bird","30100"
"Toombs","Georgia","06-01-2022","WOAH Non-Poultry","490"
"Becker","Minnesota","05-31-2022","WOAH Non-Poultry","40"
"Snohomish","Washington","05-27-2022","WOAH Non-Poultry","40"
"King","Washington","05-25-2022","WOAH Non-Poultry","20"
"King","Washington","05-24-2022","WOAH Non-Poultry","7"
"Ada","Idaho","05-24-2022","WOAH Non-Poultry","30"
"King","Washington","05-24-2022","WOAH Non-Poultry","180"
"Berks","Pennsylvania","05-23-2022","Commercial Duck Breeder","4700"
"Bayfield","Wisconsin","05-23-2022","WOAH Non-Poultry","40"
"Dakota","Minnesota","05-21-2022","Commercial Turkey Meat Bird","54400"
"Codington","South Dakota","05-20-2022","WOAH Poultry","80"
"Ada","Idaho","05-20-2022","WOAH Non-Poultry","7"
"Polk","Minnesota","05-20-2022","WOAH Non-Poultry","50"
"Campbell","Wyoming","05-20-2022","WOAH Non-Poultry","30"
"Canyon","Idaho","05-19-2022","WOAH Non-Poultry","10"
"Ada","Idaho","05-19-2022","WOAH Poultry","70"
"Canyon","Idaho","05-19-2022","WOAH Non-Poultry","10"
"Jefferson","Colorado","05-19-2022","WOAH Non-Poultry","10"
"Allen","Indiana","05-19-2022","WOAH Non-Poultry","7"
"Ada","Idaho","05-19-2022","WOAH Non-Poultry","30"
"Rowan","North Carolina","05-18-2023","WOAH Non-Poultry","30"
"Phelps","Missouri","05-18-2023","WOAH Non-Poultry","80"
"Canyon","Idaho","05-18-2022","WOAH Poultry","6"
"Canyon","Idaho","05-18-2022","WOAH Poultry","160"
"Ada","Idaho","05-18-2022","WOAH Non-Poultry","6"
"Kandiyohi","Minnesota","05-18-2022","Commercial Turkey Breeder Toms","4700"
"Berks","Pennsylvania","05-18-2022","Commercial Duck Breeder","7200"
"Clay","Minnesota","05-18-2022","WOAH Non-Poultry","20"
"Canyon","Idaho","05-18-2022","WOAH Non-Poultry","10"
"Lane","Oregon","05-17-2022","WOAH Poultry","450"
"Ada","Idaho","05-17-2022","WOAH Poultry","9"
"Salt Lake","Utah","05-17-2022","WOAH Non-Poultry","30"
"Monmouth","New Jersey","05-17-2022","WOAH Poultry","60"
"Canyon","Idaho","05-17-2022","WOAH Poultry","30"
"Berks","Pennsylvania","05-17-2022","Commercial Table Egg Layer","79000"
"Boone","Illinois","05-17-2022","WOAH Non-Poultry","20"
"Ada","Idaho","05-17-2022","WOAH Non-Poultry","20"
"Canyon","Idaho","05-17-2022","WOAH Non-Poultry","50"
"Burke","North Dakota","05-17-2022","WOAH Non-Poultry","50"
"Canyon","Idaho","05-17-2022","WOAH Poultry","30"
"Thurston","Washington","05-17-2022","WOAH Non-Poultry","410"
"Dunn","Wisconsin","05-16-2022","WOAH Non-Poultry","150"
"Berks","Pennsylvania","05-14-2022","Commercial Table Egg Breeder","83700"
"Barron","Wisconsin","05-13-2022","Commercial Turkey Meat Bird","10500"
"Marinette","Wisconsin","05-13-2022","WOAH Non-Poultry","90"
"Canyon","Idaho","05-13-2022","WOAH Non-Poultry","9"
"Ada","Idaho","05-13-2022","WOAH Non-Poultry","60"
"Lincoln","Wyoming","05-13-2022","WOAH Non-Poultry","40"
"Sheridan","Wyoming","05-13-2022","WOAH Non-Poultry","20"
"Whatcom","Washington","05-12-2022","WOAH Non-Poultry","80"
"Ada","Idaho","05-12-2022","WOAH Non-Poultry","10"
"Grant","Minnesota","05-12-2022","WOAH Non-Poultry","310"
"Chisago","Minnesota","05-12-2022","WOAH Non-Poultry","40"
"Okanogan","Washington","05-12-2022","WOAH Non-Poultry","20"
"Nobles","Minnesota","05-11-2023","WOAH Non-Poultry","100"
"Clallam","Washington","05-11-2022","WOAH Non-Poultry","10"
"Chisago","Minnesota","05-11-2022","WOAH Poultry","160"
"Pierce","Washington","05-11-2022","WOAH Non-Poultry","20"
"Clallam","Washington","05-11-2022","WOAH Non-Poultry","10"
"Ada","Idaho","05-11-2022","WOAH Non-Poultry","4"
"Cache","Utah","05-11-2022","WOAH Non-Poultry","20"
"Crow Wing","Minnesota","05-10-2022","WOAH Poultry","150"
"Ada","Idaho","05-10-2022","WOAH Poultry","70"
"Lancaster","Pennsylvania","05-10-2022","Commercial Table Egg Layer","72300"
"Muskegon","Michigan","05-10-2022","Commercial Turkey Meat Bird","35100"
"Todd","Minnesota","05-10-2022","WOAH Non-Poultry","50"
"Berks","Pennsylvania","05-10-2022","Commercial Duck Meat Bird","37300"
"Berks","Pennsylvania","05-10-2022","Commercial Duck Breeder","23800"
"Pierce","Washington","05-10-2022","WOAH Non-Poultry","20"
"Canyon","Idaho","05-09-2022","WOAH Poultry","50"
"Spokane","Washington","05-07-2022","WOAH Non-Poultry","80"
"Barron","Wisconsin","05-07-2022","Commercial Turkey Meat Bird","20100"
"Anoka","Minnesota","05-06-2022","WOAH Non-Poultry","10"
"Oakland","Michigan","05-06-2022","WOAH Non-Poultry","50"
"Fergus","Montana","05-06-2022","WOAH Non-Poultry","20"
"Posey","Indiana","05-05-2023","WOAH Non-Poultry","20"
"Pacific","Washington","05-05-2022","WOAH Poultry","40"
"Pierce","Wisconsin","05-05-2022","WOAH Non-Poultry","30"
"Linn","Oregon","05-05-2022","WOAH Non-Poultry","90"
"Hamlin","South Dakota","05-04-2022","WOAH Non-Poultry","20"
"Day","South Dakota","05-04-2022","WOAH Poultry","80"
"Carver","Minnesota","05-04-2022","WOAH Non-Poultry","30"
"Bremer","Iowa","05-04-2022","WOAH Non-Poultry","50"
"Barron","Wisconsin","05-03-2022","Commercial Turkey Meat Bird","19300"
"Chisago","Minnesota","05-03-2022","WOAH Non-Poultry","30"
"Polk","Wisconsin","05-03-2022","WOAH Non-Poultry","120"
"Kane","Illinois","05-03-2022","WOAH Non-Poultry","50"
"Barron","Wisconsin","05-03-2022","Commercial Turkey Meat Bird","46700"
"Berks","Pennsylvania","05-03-2022","Commercial Duck Meat Bird","74300"
"Berks","Pennsylvania","05-03-2022","Commercial Duck Breeder","29600"
"Fond Du Lac","Wisconsin","05-03-2022","WOAH Non-Poultry","20"
"Sauk","Wisconsin","05-03-2022","WOAH Non-Poultry","40"
"Beadle","South Dakota","05-03-2022","Commercial Turkey Meat Bird","56200"
"Lyon","Minnesota","05-03-2022","Commercial Turkey Meat Bird","120300"
"Chisago","Minnesota","04-30-2022","WOAH Non-Poultry","30"
"Chisago","Minnesota","04-30-2022","WOAH Non-Poultry","60"
"Sequoyah","Oklahoma","04-30-2022","Commercial Broiler Breeder","13800"
"Branch","Michigan","04-30-2022","WOAH Non-Poultry","20"
"Morrison","Minnesota","04-30-2022","WOAH Non-Poultry","50"
"Oconto","Wisconsin","04-29-2022","WOAH Non-Poultry","220"
"Washington","Nebraska","04-29-2022","WOAH Non-Poultry","50"
"Barron","Wisconsin","04-29-2022","WOAH Non-Poultry","150"
"Matanuska Susitna","Alaska","04-29-2022","WOAH Non-Poultry","30"
"Pondera","Montana","04-29-2022","WOAH Non-Poultry","2000"
"Weld","Colorado","04-29-2022","Commercial Table Egg Layer","1366200"
"Lancaster","Pennsylvania","04-29-2022","Commercial Duck Meat Bird","19300"
"Stearns","Minnesota","04-29-2022","Commercial Turkey Breeder Hens","9600"
"Gallatin","Montana","04-29-2022","WOAH Non-Poultry","20"
"Fergus","Montana","04-29-2022","WOAH Non-Poultry","110"
"Carver","Minnesota","04-28-2022","WOAH Non-Poultry","20"
"Wexford","Michigan","04-28-2022","WOAH Poultry","70"
"Caledonia","Vermont","04-28-2022","WOAH Non-Poultry","30"
"Barron","Wisconsin","04-28-2022","Commercial Turkey Meat Bird","110700"
"Swift","Minnesota","04-28-2022","WOAH Non-Poultry","20"
"Johnson","Indiana","04-28-2022","WOAH Non-Poultry","40"
"Republic","Kansas","04-27-2022","WOAH Poultry","110"
"Lancaster","Pennsylvania","04-27-2022","Commercial Broiler Breeder Pullets","18100"
"Knox","Nebraska","04-27-2022","Commercial Table Egg Layer","2118000"
"Saginaw","Michigan","04-27-2022","WOAH Non-Poultry","80"
"Kossuth","Iowa","04-26-2022","WOAH Non-Poultry","4"
"Richland","North Dakota","04-26-2022","WOAH Poultry","20"
"Lancaster","Pennsylvania","04-26-2022","Commercial Table Egg Layer","307400"
"Missoula","Montana","04-26-2022","WOAH Non-Poultry","70"
"Rice","Minnesota","04-25-2022","WOAH Non-Poultry","90"
"Cache","Utah","04-25-2022","Commercial Table Egg Layer","1501200"
"Stearns","Minnesota","04-25-2022","Commercial Turkey Meat Bird","14600"
"Menominee","Michigan","04-25-2022","WOAH Non-Poultry","40"
"Routt","Colorado","04-24-2023","WOAH Non-Poultry","20"
"Polk","Wisconsin","04-23-2022","WOAH Non-Poultry","40"
"Yellow Medicine","Minnesota","04-22-2022","Commercial Turkey Meat Bird","49500"
"Swift","Minnesota","04-22-2022","Commercial Turkey Meat Bird","127400"
"Lancaster","Pennsylvania","04-22-2022","Commercial Broiler Production","50300"
"Otter Tail","Minnesota","04-22-2022","Commercial Turkey Meat Bird","27300"
"Renville","North Dakota","04-21-2022","WOAH Non-Poultry","70"
"Morrison","Minnesota","04-21-2022","Commercial Turkey Meat Bird","40900"
"Todd","Minnesota","04-21-2022","Commercial Turkey Meat Bird","19700"
"Todd","Minnesota","04-21-2022","Commercial Turkey Meat Bird","37000"
"Richland","North Dakota","04-21-2022","Commercial Turkey Meat Bird","27500"
"Bremer","Iowa","04-21-2022","Commercial Turkey Meat Bird","29200"
"Stearns","Minnesota","04-20-2022","Commercial Turkey Meat Bird","62800"
"Todd","Minnesota","04-20-2022","Commercial Turkey Meat Bird","30300"
"Glacier","Montana","04-20-2022","WOAH Poultry","54200"
"Madison","Idaho","04-20-2022","WOAH Poultry","200"
"Todd","Minnesota","04-20-2022","Commercial Turkey Meat Bird","30100"
"Elkhart","Indiana","04-20-2022","Commercial Duck Meat Bird","6600"
"Lancaster","Pennsylvania","04-20-2022","Commercial Table Egg Layer","879400"
"Stearns","Minnesota","04-20-2022","Commercial Turkey Meat Bird","72000"
"Lancaster","Pennsylvania","04-20-2022","Commercial Table Egg Layer","1127700"
"Dickey","North Dakota","04-19-2023","Commercial Turkey Meat Bird","58500"
"Beadle","South Dakota","04-19-2023","Commercial Turkey Meat Bird","75800"
"Morrison","Minnesota","04-19-2022","Commercial Turkey Meat Bird","47700"
"Otter Tail","Minnesota","04-19-2022","Commercial Turkey Meat Bird","29700"
"Gooding","Idaho","04-19-2022","WOAH Non-Poultry","80"
"Stutsman","North Dakota","04-19-2022","WOAH Poultry","20"
"La Plata","Colorado","04-19-2022","WOAH Poultry","40"
"Morrison","Minnesota","04-19-2022","Commercial Turkey Meat Bird","17600"
"Montrose","Colorado","04-19-2022","Commercial Broiler Breeder","58000"
"Swift","Minnesota","04-19-2022","Commercial Turkey Meat Bird","31600"
"Kandiyohi","Minnesota","04-19-2022","Commercial Turkey Meat Bird","35700"
"Morrison","Minnesota","04-19-2022","Commercial Turkey Meat Bird","58100"
"Meeker","Minnesota","04-19-2022","Commercial Turkey Meat Bird","53000"
"Kandiyohi","Minnesota","04-19-2022","Commercial Turkey Meat Bird","38700"
"Kings","New York","04-18-2023","Live Bird Market","1400"
"Moffat","Colorado","04-17-2023","WOAH Non-Poultry","80"
"Bonneville","Idaho","04-17-2023","WOAH Non-Poultry","40"
"Putnam","New York","04-17-2023","WOAH Poultry","110"
"Menominee","Michigan","04-16-2022","WOAH Non-Poultry","30"
"Polk","Wisconsin","04-15-2022","Commercial Turkey Meat Bird","22000"
"Lancaster","Pennsylvania","04-15-2022","Commercial Table Egg Layer","1380500"
"Livingston","Michigan","04-15-2022","WOAH Non-Poultry","20"
"Macomb","Michigan","04-15-2022","WOAH Non-Poultry","40"
"Utah","Utah","04-15-2022","WOAH Non-Poultry","7"
"Sheridan","Nebraska","04-14-2023","WOAH Non-Poultry","10"
"Rosebud","Montana","04-14-2023","WOAH Non-Poultry","0"
"Lamoure","North Dakota","04-14-2022","WOAH Non-Poultry","10"
"Elkhart","Indiana","04-14-2022","Commercial Duck Breeder","6400"
"Blue Earth","Minnesota","04-14-2022","Commercial Turkey Meat Bird","26400"
"Meeker","Minnesota","04-14-2022","Commercial Turkey Meat Bird","73200"
"Caribou","Idaho","04-14-2022","WOAH Non-Poultry","7"
"Gooding","Idaho","04-14-2022","WOAH Poultry","20"
"Sheboygan","Wisconsin","04-14-2022","WOAH Non-Poultry","20"
"Columbia","Wisconsin","04-14-2022","WOAH Non-Poultry","70"
"Deuel","South Dakota","04-13-2022","Commercial Upland Gamebird Producer","1400"
"Waseca","Minnesota","04-13-2022","Commercial Turkey Meat Bird","20300"
"Benton","Minnesota","04-13-2022","WOAH Non-Poultry","7"
"Barnes","North Dakota","04-13-2022","WOAH Poultry","90"
"Menominee","Michigan","04-13-2022","WOAH Poultry","350"
"Mcpherson","Kansas","04-13-2022","Commercial Turkey Breeder Hens","6900"
"Otter Tail","Minnesota","04-13-2022","Commercial Turkey Meat Bird","35700"
"Blue Earth","Minnesota","04-13-2022","Commercial Turkey Meat Bird","22700"
"Modoc","California","04-12-2023","WOAH Non-Poultry","60"
"Pueblo","Colorado","04-12-2023","WOAH Non-Poultry","30"
"Putnam","New York","04-12-2023","WOAH Poultry","200"
"Morrison","Minnesota","04-12-2022","Commercial Broiler Production","42900"
"Dixon","Nebraska","04-12-2022","Commercial Table Egg Layer","1746900"
"Wayne","North Carolina","04-12-2022","Commercial Broiler Production","89700"
"Barron","Wisconsin","04-12-2022","Commercial Turkey Meat Bird","46500"
"Benton","Minnesota","04-12-2022","WOAH Non-Poultry","130"
"Morrison","Minnesota","04-12-2022","Commercial Table Egg Layer","216200"
"Morrison","Minnesota","04-12-2022","Commercial Turkey Meat Bird","37600"
"Sheridan","North Dakota","04-12-2022","WOAH Non-Poultry","30"
"Kandiyohi","Minnesota","04-12-2022","Commercial Turkey Meat Bird","37100"
"Toole","Montana","04-12-2022","WOAH Non-Poultry","20"
"Yellow Medicine","Minnesota","04-12-2022","Commercial Turkey Meat Bird","44800"
"Menominee","Michigan","04-11-2022","WOAH Non-Poultry","70"
"Mitchell","Kansas","04-10-2023","WOAH Non-Poultry","30"
"Le Sueur","Minnesota","04-09-2022","Commercial Turkey Meat Bird","37800"
"Yankton","South Dakota","04-09-2022","Commercial Turkey Meat Bird","76100"
"Swift","Minnesota","04-09-2022","Commercial Turkey Meat Bird","130900"
"Stearns","Minnesota","04-09-2022","Commercial Turkey Meat Bird","26100"
"Stutsman","North Dakota","04-08-2022","WOAH Poultry","40"
"Clark","South Dakota","04-08-2022","Commercial Turkey Meat Bird","38700"
"Elkhart","Indiana","04-08-2022","Commercial Duck Breeder","4700"
"Renville","Minnesota","04-08-2022","Commercial Turkey Meat Bird","76400"
"Edmunds","South Dakota","04-08-2022","Commercial Turkey Meat Bird","36400"
"Pitkin","Colorado","04-08-2022","WOAH Poultry","30"
"Otter Tail","Minnesota","04-08-2022","Commercial Turkey Meat Bird","29900"
"Judith Basin","Montana","04-07-2022","WOAH Non-Poultry","20"
"Cascade","Montana","04-07-2022","WOAH Poultry","22000"
"Wayne","North Carolina","04-07-2022","Commercial Turkey Meat Bird","18500"
"Racine","Wisconsin","04-07-2022","WOAH Poultry","220"
"Kandiyohi","Minnesota","04-07-2022","Commercial Turkey Breeder Hens","20800"
"Waseca","Minnesota","04-06-2022","Commercial Turkey Meat Bird","17900"
"Fulton","New York","04-06-2022","WOAH Non-Poultry","4"
"Park","Wyoming","04-06-2022","WOAH Non-Poultry","100"
"Mcpherson","South Dakota","04-06-2022","Commercial Turkey Meat Bird","45900"
"Dade","Missouri","04-06-2022","Commercial Turkey Meat Bird","14000"
"Wayne","North Carolina","04-06-2022","Commercial Broiler Production","65600"
"Wayne","North Carolina","04-06-2022","Commercial Broiler Production","216000"
"Queens","New York","04-05-2023","Live Bird Market","1300"
"Morrison","Minnesota","04-05-2022","Commercial Turkey Meat Bird","26200"
"Morrison","Minnesota","04-05-2022","Commercial Turkey Meat Bird","105300"
"Orleans","New York","04-05-2022","WOAH Poultry","30"
"Meeker","Minnesota","04-05-2022","Commercial Turkey Meat Bird","128500"
"Spink","South Dakota","04-05-2022","Commercial Turkey Meat Bird","26300"
"Waldo","Maine","04-05-2022","WOAH Non-Poultry","50"
"Scotts Bluff","Nebraska","04-05-2022","WOAH Non-Poultry","30"
"Faulk","South Dakota","04-05-2022","Commercial Turkey Meat Bird","48000"
"Cass","North Dakota","04-05-2022","WOAH Non-Poultry","110"
"Wayne","North Carolina","04-05-2022","Commercial Turkey Meat Bird","14200"
"Big Stone","Minnesota","04-05-2022","Commercial Turkey Meat Bird","49500"
"Sheridan","Wyoming","04-05-2022","WOAH Non-Poultry","50"
"Lawrence","Missouri","04-05-2022","Commercial Turkey Meat Bird","27600"
"Hardin","Iowa","04-05-2022","Commercial Turkey Meat Bird","46000"
"Beadle","South Dakota","04-05-2022","Commercial Turkey Meat Bird","55600"
"Clark","South Dakota","04-05-2022","Commercial Turkey Meat Bird","24000"
"Stearns","Minnesota","04-05-2022","Commercial Turkey Meat Bird","40800"
"Waseca","Minnesota","04-05-2022","Commercial Turkey Meat Bird","25500"
"Becker","Minnesota","04-04-2022","Commercial Turkey Meat Bird","44700"
"Lamoure","North Dakota","04-04-2022","Commercial Turkey Meat Bird","50900"
"Kandiyohi","Minnesota","04-04-2022","Commercial Turkey Meat Bird","38500"
"Morrison","Minnesota","04-04-2022","Commercial Turkey Meat Bird","32400"
"Mcpherson","South Dakota","04-04-2022","Commercial Turkey Meat Bird","61000"
"Hamilton","Iowa","04-04-2022","Commercial Turkey Poult Supplier","8100"
"Kandiyohi","Minnesota","04-04-2022","Commercial Turkey Breeder Hens","48500"
"Kandiyohi","Minnesota","04-04-2022","Commercial Turkey Breeder Hens","20400"
"Le Sueur","Minnesota","04-03-2023","WOAH Non-Poultry","100"
"Erath","Texas","04-03-2022","Commercial Upland Gamebird Producer","1700"
"Dodge","Minnesota","04-03-2022","Commercial Turkey Meat Bird","20000"
"Le Sueur","Minnesota","04-03-2022","Commercial Turkey Meat Bird","19600"
"Wayne","North Carolina","04-02-2022","Commercial Turkey Meat Bird","16900"
"Humboldt","Iowa","04-02-2022","Commercial Table Egg Breeder","15300"
"Spink","South Dakota","04-02-2022","Commercial Turkey Meat Bird","41800"
"Lake","South Dakota","04-02-2022","Commercial Turkey Meat Bird","59000"
"Johnston","North Carolina","04-02-2022","Commercial Turkey Meat Bird","9500"
"Johnston","North Carolina","04-02-2022","Commercial Turkey Meat Bird","18900"
"Stearns","Minnesota","04-02-2022","Commercial Turkey Meat Bird","27600"
"Lamoure","North Dakota","04-02-2022","Commercial Turkey Meat Bird","27400"
"Sac","Iowa","04-02-2022","Commercial Turkey Meat Bird","37200"
"Jasper","Missouri","04-01-2022","Commercial Turkey Meat Bird","35300"
"Rock","Wisconsin","04-01-2022","WOAH Non-Poultry","20"
"Fremont","Wyoming","04-01-2022","WOAH Non-Poultry","50"
"Charles Mix","South Dakota","04-01-2022","Commercial Turkey Meat Bird","81500"
"Edmunds","South Dakota","04-01-2022","Commercial Turkey Breeder Replacement Hens","30600"
"Dickey","North Dakota","04-01-2022","Commercial Turkey Meat Bird","60700"
"Cherokee","Iowa","03-31-2022","Commercial Turkey Meat Bird","88000"
"Morrison","Minnesota","03-31-2022","Commercial Turkey Meat Bird","52600"
"Osceola","Iowa","03-31-2022","Commercial Table Egg Layer","5011700"
"Mcpherson","South Dakota","03-31-2022","Commercial Turkey Breeder Hens","26000"
"Carroll","Illinois","03-31-2022","WOAH Non-Poultry","40"
"Dickey","North Dakota","03-31-2022","WOAH Poultry","30"
"Stearns","Minnesota","03-31-2022","WOAH Non-Poultry","150"
"Umatilla","Oregon","03-30-2023","WOAH Non-Poultry","50"
"Lincoln","Maine","03-30-2022","WOAH Non-Poultry","3"
"Park","Wyoming","03-30-2022","WOAH Non-Poultry","40"
"Buena Vista","Iowa","03-30-2022","Commercial Turkey Meat Bird","35600"
"Brule","South Dakota","03-30-2022","Commercial Turkey Meat Bird","55100"
"Lac Qui Parle","Minnesota","03-29-2022","Commercial Turkey Meat Bird","22500"
"Bon Homme","South Dakota","03-29-2022","Commercial Turkey Meat Bird","48200"
"Johnson","Wyoming","03-29-2022","WOAH Non-Poultry","40"
"Edmunds","South Dakota","03-29-2022","Commercial Turkey Breeder Hens","21900"
"Monroe","New York","03-29-2022","WOAH Poultry","400"
"Spink","South Dakota","03-29-2022","Commercial Turkey Meat Bird","45900"
"Franklin","Ohio","03-29-2022","WOAH Non-Poultry","8"
"Kidder","North Dakota","03-29-2022","WOAH Poultry","30"
"Knox","Maine","03-29-2022","WOAH Non-Poultry","40"
"Kandiyohi","Minnesota","03-29-2022","Commercial Turkey Meat Bird","39500"
"Berkshire","Massachusetts","03-29-2022","WOAH Non-Poultry","260"
"Johnston","North Carolina","03-29-2022","Commercial Turkey Meat Bird","32100"
"Yuma","Colorado","03-28-2023","WOAH Poultry","310"
"Guthrie","Iowa","03-28-2022","Commercial Table Egg Layer","1460000"
"Hamilton","Iowa","03-28-2022","Commercial Turkey Meat Bird","25800"
"Hutchinson","South Dakota","03-27-2022","Commercial Turkey Meat Bird","39200"
"Mcpherson","South Dakota","03-27-2022","Commercial Turkey Meat Bird","43900"
"Clark","South Dakota","03-27-2022","Commercial Turkey Meat Bird","43100"
"Holt","Nebraska","03-26-2022","WOAH Non-Poultry","50"
"Bon Homme","South Dakota","03-26-2022","WOAH Non-Poultry","230"
"Stearns","Minnesota","03-26-2022","Commercial Turkey Meat Bird","23500"
"Gentry","Missouri","03-26-2022","WOAH Non-Poultry","140"
"Meeker","Minnesota","03-26-2022","Commercial Turkey Meat Bird","287500"
"Mower","Minnesota","03-26-2022","WOAH Non-Poultry","20"
"Washington","Maine","03-26-2022","WOAH Non-Poultry","20"
"Mitchell","Kansas","03-25-2022","WOAH Non-Poultry","20"
"Suffolk","New York","03-25-2022","WOAH Poultry","290"
"Franklin","Iowa","03-25-2022","Commercial Table Egg Pullets","250200"
"Hutchinson","South Dakota","03-25-2022","Commercial Turkey Meat Bird","45800"
"Arapahoe","Colorado","03-24-2023","WOAH Non-Poultry","10"
"Ellsworth","Kansas","03-24-2023","WOAH Non-Poultry","50"
"Buena Vista","Iowa","03-24-2022","Commercial Turkey Meat Bird","53800"
"Macomb","Michigan","03-24-2022","WOAH Non-Poultry","70"
"Butler","Nebraska","03-24-2022","Commercial Broiler Production","418500"
"Jerauld","South Dakota","03-24-2022","Commercial Turkey Meat Bird","44000"
"Lapeer","Michigan","03-23-2023","WOAH Poultry","950"
"Kingsbury","South Dakota","03-23-2022","Commercial Table Egg Layer","120300"
"Edmunds","South Dakota","03-23-2022","Commercial Turkey Breeder Hens","30800"
"Beadle","South Dakota","03-23-2022","Commercial Turkey Meat Bird","49900"
"Suffolk","New York","03-23-2022","Commercial Upland Gamebird Producer","8500"
"Spink","South Dakota","03-22-2023","Commercial Upland Gamebird Producer","570"
"Queens","New York","03-22-2023","Live Bird Market","140"
"Tompkins","New York","03-22-2023","WOAH Poultry","6500"
"Hale","Texas","03-22-2023","WOAH Non-Poultry","20"
"Klamath","Oregon","03-22-2023","WOAH Non-Poultry","30"
"Hanson","South Dakota","03-22-2022","Commercial Turkey Meat Bird","94600"
"Beadle","South Dakota","03-22-2022","Commercial Turkey Meat Bird","29400"
"Cumberland","Maine","03-22-2022","WOAH Poultry","250"
"Butler","Nebraska","03-22-2022","Commercial Broiler Production","570000"
"Charles Mix","South Dakota","03-22-2022","Commercial Turkey Meat Bird","53800"
"Washington","New York","03-21-2023","WOAH Non-Poultry","50"
"Hillsborough","Florida","03-21-2023","Live Bird Market","340"
"Deaf Smith","Texas","03-20-2024","WOAH Non-Poultry","50"
"Hutchinson","South Dakota","03-20-2022","Commercial Turkey Meat Bird","50400"
"Warren","Iowa","03-20-2022","WOAH Non-Poultry","10"
"York","Maine","03-19-2022","WOAH Non-Poultry","70"
"Knox","Maine","03-19-2022","WOAH Non-Poultry","20"
"Knox","Maine","03-18-2024","WOAH Non-Poultry","40"
"Hanson","South Dakota","03-18-2022","Commercial Turkey Meat Bird","20200"
"Cecil","Maryland","03-18-2022","Commercial Table Egg Pullets","315400"
"Dickinson","Kansas","03-18-2022","WOAH Poultry","250"
"Kingsbury","South Dakota","03-18-2022","Commercial Turkey Meat Bird","39200"
"Lancaster","Pennsylvania","03-17-2023","WOAH Poultry","2500"
"Lincoln","Maine","03-17-2022","WOAH Non-Poultry","30"
"Buena Vista","Iowa","03-17-2022","Commercial Table Egg Layer","5347500"
"Kent","Delaware","03-17-2022","Commercial Broiler Production","147800"
"Sedgwick","Kansas","03-17-2022","WOAH Non-Poultry","6"
"Monroe","Mississippi","03-16-2023","WOAH Non-Poultry","30"
"Maries","Missouri","03-16-2023","WOAH Non-Poultry","10"
"Lancaster","Pennsylvania","03-16-2023","WOAH Poultry","1600"
"Chester","Pennsylvania","03-16-2023","Commercial Turkey Meat Bird","11800"
"Lancaster","Pennsylvania","03-16-2023","WOAH Poultry","2400"
"Rockingham","New Hampshire","03-16-2022","WOAH Non-Poultry","150"
"Mifflin","Pennsylvania","03-15-2023","WOAH Non-Poultry","60"
"Chickasaw","Iowa","03-15-2023","WOAH Non-Poultry","50"
"Ralls","Missouri","03-15-2022","WOAH Non-Poultry","100"
"Merrick","Nebraska","03-15-2022","WOAH Non-Poultry","90"
"Klamath","Oregon","03-14-2024","WOAH Non-Poultry","10"
"Lancaster","Pennsylvania","03-14-2023","WOAH Poultry","3000"
"Eaton","Michigan","03-14-2023","WOAH Non-Poultry","20"
"Lancaster","Pennsylvania","03-14-2023","WOAH Poultry","3900"
"Lancaster","Pennsylvania","03-14-2023","WOAH Poultry","3000"
"Lancaster","Pennsylvania","03-14-2023","WOAH Poultry","2400"
"Lancaster","Pennsylvania","03-14-2023","WOAH Poultry","2400"
"York","Maine","03-14-2022","WOAH Non-Poultry","180"
"Jefferson","Wisconsin","03-14-2022","Commercial Table Egg Layer","2750700"
"Lancaster","Pennsylvania","03-13-2023","WOAH Poultry","6000"
"Hutchinson","South Dakota","03-12-2024","Commercial Turkey Meat Bird","31200"
"Lincoln","Maine","03-12-2022","WOAH Non-Poultry","100"
"Charles Mix","South Dakota","03-12-2022","Commercial Turkey Meat Bird","37500"
"Clay","Minnesota","03-11-2024","WOAH Non-Poultry","80"
"Moore","Texas","03-11-2024","WOAH Non-Poultry","280"
"Mclean","Illinois","03-11-2022","WOAH Non-Poultry","40"
"Franklin","Kansas","03-11-2022","WOAH Poultry","260"
"Taylor","Iowa","03-10-2022","Commercial Table Egg Layer","915900"
"Cecil","Maryland","03-10-2022","Commercial Table Egg Layer","663400"
"Lawrence","Missouri","03-09-2022","Commercial Turkey Breeder Replacement Hens","37800"
"Jasper","Missouri","03-08-2022","Commercial Turkey Meat Bird","25000"
"New Castle","Delaware","03-08-2022","Commercial Table Egg Pullets","243900"
"Queen Anne's","Maryland","03-08-2022","Commercial Broiler Production","139300"
"Essex","Massachusetts","03-07-2024","WOAH Poultry","70"
"Rockingham","Virginia","03-07-2023","WOAH Non-Poultry","250"
"Lancaster","Pennsylvania","03-06-2023","WOAH Poultry","1800"
"Lancaster","Pennsylvania","03-06-2023","WOAH Poultry","6000"
"Lancaster","Pennsylvania","03-06-2023","WOAH Poultry","310"
"Bingham","Idaho","03-06-2023","WOAH Non-Poultry","10"
"Bucks","Pennsylvania","03-06-2023","WOAH Poultry","1700"
"Buena Vista","Iowa","03-06-2022","Commercial Turkey Meat Bird","49800"
"Charles Mix","South Dakota","03-05-2022","Commercial Turkey Meat Bird","44100"
"Lancaster","Pennsylvania","03-04-2023","Commercial Turkey Meat Bird","19600"
"Chester","Pennsylvania","03-04-2023","WOAH Poultry","6900"
"Northumberland","Pennsylvania","03-04-2023","WOAH Poultry","680"
"Lancaster","Pennsylvania","03-04-2023","Commercial Duck Breeder","11300"
"Lancaster","Pennsylvania","03-04-2023","Commercial Turkey Meat Bird","26600"
"Bates","Missouri","03-04-2022","WOAH Non-Poultry","50"
"Stoddard","Missouri","03-04-2022","Commercial Broiler Production","294800"
"Cecil","Maryland","03-04-2022","Commercial Table Egg Layer","644000"
"Chester","Pennsylvania","03-03-2023","WOAH Poultry","5200"
"Douglas","Nevada","03-03-2023","WOAH Non-Poultry","20"
"Dubois","Indiana","03-02-2022","Commercial Turkey Meat Bird","16500"
"New London","Connecticut","03-01-2022","WOAH Non-Poultry","160"
"Pottawattamie","Iowa","03-01-2022","WOAH Non-Poultry","40"
"Miami-dade","Florida","02-28-2023","Live Bird Market","510"
"Mahoning","Ohio","02-27-2024","WOAH Non-Poultry","140"
"Stevens","Minnesota","02-27-2024","WOAH Non-Poultry","20"
"Lancaster","Pennsylvania","02-27-2023","WOAH Poultry","4400"
"Monroe","New York","02-26-2024","WOAH Non-Poultry","20"
"Wayne","Illinois","02-24-2023","Commercial Turkey Meat Bird","18200"
"Chester","Pennsylvania","02-24-2023","WOAH Poultry","3400"
"Lancaster","Pennsylvania","02-24-2023","WOAH Poultry","4000"
"Dutchess","New York","02-24-2022","WOAH Non-Poultry","200"
"Ulster","New York","02-24-2022","WOAH Non-Poultry","70"
"Dubois","Indiana","02-24-2022","Commercial Turkey Meat Bird","36000"
"Allen","Indiana","02-23-2024","WOAH Non-Poultry","50"
"Dallas","Missouri","02-23-2024","WOAH Poultry","20300"
"Onondaga","New York","02-23-2024","WOAH Non-Poultry","10"
"Alexandria City","Virginia","02-23-2023","Live Bird Market","800"
"Lancaster","Pennsylvania","02-23-2023","WOAH Poultry","2000"
"Moffat","Colorado","02-23-2023","WOAH Non-Poultry","40"
"Greene","Indiana","02-23-2022","Commercial Turkey Meat Bird","15400"
"Kalamazoo","Michigan","02-23-2022","WOAH Non-Poultry","30"
"Greene","Indiana","02-23-2022","Commercial Turkey Meat Bird","48200"
"Knox","Maine","02-23-2022","WOAH Non-Poultry","100"
"Charles","Maryland","02-22-2024","WOAH Non-Poultry","30"
"Lancaster","Pennsylvania","02-22-2023","WOAH Poultry","4200"
"New Castle","Delaware","02-22-2022","Commercial Table Egg Layer","1046900"
"Dallas","Missouri","02-21-2024","Commercial Turkey Meat Bird","28500"
"Franklin","Ohio","02-21-2024","WOAH Non-Poultry","10"
"Dallas","Missouri","02-21-2024","Commercial Turkey Meat Bird","12300"
"Dallas","Missouri","02-21-2024","Commercial Turkey Meat Bird","31000"
"Lancaster","Pennsylvania","02-21-2023","Commercial Broiler Production","97700"
"Lincoln","Nebraska","02-21-2023","WOAH Poultry","420"
"Duplin","North Carolina","02-20-2024","Commercial Turkey Meat Bird","20900"
"Knox","Maine","02-19-2022","WOAH Non-Poultry","30"
"Suffolk","New York","02-18-2022","WOAH Non-Poultry","8"
"Copiah","Mississippi","02-17-2023","WOAH Poultry","50"
"San Joaquin","California","02-17-2023","WOAH Non-Poultry","160"
"Tioga","Pennsylvania","02-17-2023","WOAH Non-Poultry","50"
"Kanawha","West Virginia","02-16-2024","WOAH Non-Poultry","250"
"Dubois","Indiana","02-16-2022","Commercial Turkey Meat Bird","26600"
"Columbia","New York","02-15-2023","WOAH Poultry","250"
"Webster","Kentucky","02-15-2022","Commercial Turkey Meat Bird","53300"
"Hillsborough","Florida","02-14-2023","WOAH Non-Poultry","10"
"Benton","Washington","02-14-2023","WOAH Non-Poultry","60"
"Doniphan","Kansas","02-13-2023","WOAH Non-Poultry","30"
"Carroll","Missouri","02-13-2023","WOAH Non-Poultry","9"
"Schuylkill","Pennsylvania","02-12-2024","WOAH Non-Poultry","30"
"Twin Falls","Idaho","02-12-2024","WOAH Non-Poultry","20"
"Fauquier","Virginia","02-12-2022","WOAH Non-Poultry","90"
"Fulton","Kentucky","02-12-2022","Commercial Broiler Production","231400"
"Lenoir","North Carolina","02-09-2024","Commercial Turkey Meat Bird","32400"
"Delta","Colorado","02-08-2024","Commercial Broiler Breeder","66500"
"Owyhee","Idaho","02-08-2024","WOAH Non-Poultry","9"
"Miami-dade","Florida","02-08-2024","Live Bird Market","1500"
"Lancaster","Pennsylvania","02-08-2023","WOAH Poultry","20300"
"Mitchell","Kansas","02-08-2023","Commercial Upland Gamebird Producer","17000"
"Dubois","Indiana","02-08-2022","Commercial Turkey Meat Bird","29000"
"Allegheny","Pennsylvania","02-07-2023","WOAH Non-Poultry","20"
"Leake","Mississippi","02-07-2023","Commercial Broiler Production","89800"
"Gage","Nebraska","02-06-2024","Commercial Broiler Production","102000"
"Wayne","Pennsylvania","02-06-2024","WOAH Non-Poultry","360"
"Essex","Massachusetts","02-06-2024","WOAH Non-Poultry","20"
"Merced","California","02-06-2023","Commercial Duck Breeder","29100"
"Hancock","Maine","02-06-2023","WOAH Non-Poultry","30"
"Park","Wyoming","02-06-2023","WOAH Non-Poultry","10"
"Kennebec","Maine","02-06-2023","WOAH Non-Poultry","40"
"Placer","California","02-06-2023","WOAH Non-Poultry","30"
"San Joaquin","California","02-06-2023","WOAH Non-Poultry","8"
"Lancaster","Pennsylvania","02-01-2023","Commercial Duck Meat Bird","32800"
"Lancaster","Pennsylvania","02-01-2023","WOAH Poultry","2700"
"Placer","California","01-31-2024","WOAH Non-Poultry","20"
"Hancock","Maine","01-27-2023","WOAH Non-Poultry","40"
"De Soto","Florida","01-26-2024","WOAH Non-Poultry","660"
"Kennebec","Maine","01-25-2024","WOAH Non-Poultry","40"
"Daviess","Indiana","01-25-2024","Commercial Turkey Meat Bird","13100"
"Rowan","North Carolina","01-25-2023","WOAH Non-Poultry","2"
"Polk","Oregon","01-25-2023","WOAH Non-Poultry","20"
"Suffolk","New York","01-25-2023","WOAH Non-Poultry","10"
"Buena Vista","Iowa","01-25-2023","Commercial Turkey Meat Bird","27700"
"Rockingham","Virginia","01-25-2023","Commercial Turkey Meat Bird","11100"
"Edmunds","South Dakota","01-23-2024","Commercial Upland Gamebird Producer","22200"
"Belknap","New Hampshire","01-23-2023","WOAH Non-Poultry","40"
"Orangeburg","South Carolina","01-22-2024","WOAH Non-Poultry","40"
"Mitchell","Kansas","01-22-2024","Commercial Upland Gamebird Producer","5800"
"Larimer","Colorado","01-20-2023","WOAH Non-Poultry","70"
"Weakley","Tennessee","01-20-2023","Commercial Broiler Production","267800"
"El Dorado","California","01-19-2023","WOAH Non-Poultry","20"
"Snohomish","Washington","01-19-2023","WOAH Non-Poultry","20"
"Rockingham","Virginia","01-19-2023","Commercial Turkey Meat Bird","25300"
"Merced","California","01-18-2024","Commercial Table Egg Pullets","285600"
"Lampasas","Texas","01-18-2023","WOAH Poultry","70"
"Licking","Ohio","01-18-2023","WOAH Non-Poultry","30"
"Horry","South Carolina","01-17-2024","WOAH Non-Poultry","190"
"Mitchell","Kansas","01-17-2023","Commercial Upland Gamebird Producer","6900"
"Spink","South Dakota","01-16-2024","Commercial Raised for Release Upland Game Bird","1900"
"Mitchell","Kansas","01-16-2024","WOAH Poultry","220"
"Cascade","Montana","01-16-2024","WOAH Non-Poultry","50"
"Barnstable","Massachusetts","01-16-2024","WOAH Non-Poultry","150"
"Tehama","California","01-12-2023","WOAH Poultry","23700"
"Mitchell","Kansas","01-11-2024","Commercial Raised for Release Upland Game Bird","1400"
"Douglas","Oregon","01-11-2023","WOAH Non-Poultry","0"
"Sherburne","Minnesota","01-10-2024","WOAH Non-Poultry","10"
"Mitchell","Kansas","01-10-2024","Commercial Upland Gamebird Producer","32000"
"York","Maine","01-10-2024","WOAH Non-Poultry","60"
"Mitchell","Kansas","01-10-2024","Commercial Upland Gamebird Producer","3700"
"Cascade","Montana","01-10-2023","WOAH Non-Poultry","10"
"Scotts Bluff","Nebraska","01-09-2023","WOAH Non-Poultry","7"
"San Joaquin","California","01-09-2023","WOAH Non-Poultry","10"
"Sonoma","California","01-09-2023","WOAH Non-Poultry","20"
"Sonoma","California","01-09-2023","WOAH Non-Poultry","6"
"Arapahoe","Colorado","01-08-2024","WOAH Non-Poultry","20"
"Sacramento","California","01-08-2024","WOAH Non-Poultry","30"
"Merced","California","01-08-2024","WOAH Non-Poultry","30"
"Weld","Colorado","01-06-2023","WOAH Non-Poultry","40"
"Thurston","Washington","01-06-2023","WOAH Non-Poultry","120"
"Washburn","Wisconsin","01-05-2024","Commercial Turkey Meat Bird","41000"
"Codington","South Dakota","01-05-2023","WOAH Poultry","140"
"Rice","Kansas","01-04-2024","Commercial Table Egg Pullets","240000"
"Anderson","Kansas","01-04-2023","Commercial Upland Gamebird Producer","8900"
"Johnson","Missouri","01-04-2023","WOAH Non-Poultry","30"
"Josephine","Oregon","01-04-2023","WOAH Non-Poultry","30"
"Merced","California","01-03-2024","Commercial Table Egg Layer","764300"
"Sonoma","California","01-03-2024","Commercial Broiler Production","77900"
"Merced","California","01-03-2024","Commercial Broiler Production","534800"
